{"cameraMode":{"drawMode":0,"name":"Shaded","section":"Shading Mode"},"sceneLighting":true,"audioPlay":false,"sceneViewState":{"m_AlwaysRefresh":false,"showFog":true,"showSkybox":true,"showFlares":true,"showImageEffects":true,"showParticleSystems":true,"showVisualEffectGraphs":true,"m_FxEnabled":true},"in2DMode":false,"pivot":{"x":-0.6479769945144653,"y":-5.53792667388916,"z":23.911788940429689},"rotation":{"x":0.15860392153263093,"y":-0.02073940634727478,"z":0.003334895009174943,"w":0.9871346950531006},"size":13.77613353729248,"orthographic":false}