{"cameraMode":{"drawMode":0,"name":"Shaded","section":"Shading Mode"},"sceneLighting":true,"audioPlay":false,"sceneViewState":{"m_AlwaysRefresh":true,"showFog":true,"showSkybox":true,"showFlares":true,"showImageEffects":true,"showParticleSystems":true,"showVisualEffectGraphs":true,"m_FxEnabled":true},"in2DMode":false,"pivot":{"x":-0.1639360785484314,"y":1.0872459411621094,"z":1.796816349029541},"rotation":{"x":0.41672423481941225,"y":0.014998654834926129,"z":-0.006873981561511755,"w":0.9088903069496155},"size":0.10800929367542267,"orthographic":false}