{"cameraMode":{"drawMode":0,"name":"Shaded","section":"Shading Mode"},"sceneLighting":true,"audioPlay":false,"sceneViewState":{"showFog":true,"showMaterialUpdate":true,"showSkybox":true,"showFlares":true,"showImageEffects":true,"showParticleSystems":true},"in2DMode":false,"pivot":{"x":-0.13557526469230653,"y":0.581932783126831,"z":1.747162103652954},"rotation":{"x":0.23838096857070924,"y":0.039319999516010287,"z":-0.009657501243054867,"w":0.970333993434906},"size":1.1376373767852784,"orthographic":false}